variant,algo,env_base,dataset,seed,status,config,run_tag,run_dir,started,finished,eta,notes,updated_at
capo,iql,hopper,medium,0,done,configs/defaults.yaml,capo,results/iql/hopper-medium-v2/s0/0803_0100_capo_iql_hopper-medium-v2_s0,2026-08-03 01:00:45,2026-08-03 01:43:55,,defaults CAPO/baseline IQL; margin=0.0,2026-08-03 07:58:14
capo,iql,hopper,expert,0,done,configs/defaults.yaml,capo,results/iql/hopper-expert-v2/s0/0803_0143_capo_iql_hopper-expert-v2_s0,2026-08-03 01:43:55,2026-08-03 02:28:46,,defaults CAPO/baseline IQL; margin=0.0,2026-08-03 07:58:14
capo,iql,hopper,replay,0,done,configs/defaults.yaml,capo,results/iql/hopper-medium-replay-v2/s0/0803_0228_capo_iql_hopper-medium-replay-v2_s0,2026-08-03 02:28:46,2026-08-03 03:11:22,,defaults CAPO/baseline IQL; margin=0.0,2026-08-03 07:58:14
capo,iql,halfcheetah,medium,0,done,configs/defaults.yaml,capo,results/iql/halfcheetah-medium-v2/s0/0803_0311_capo_iql_halfcheetah-medium-v2_s0,2026-08-03 03:11:22,2026-08-03 03:55:15,,defaults CAPO/baseline IQL; margin=0.0,2026-08-03 07:58:14
capo,iql,halfcheetah,expert,0,done,configs/defaults.yaml,capo,results/iql/halfcheetah-expert-v2/s0/0803_0355_capo_iql_halfcheetah-expert-v2_s0,2026-08-03 03:55:15,2026-08-03 04:39:21,,defaults CAPO/baseline IQL; margin=0.0,2026-08-03 07:58:14
capo,iql,halfcheetah,replay,0,done,configs/defaults.yaml,capo,results/iql/halfcheetah-medium-replay-v2/s0/0803_0439_capo_iql_halfcheetah-medium-replay-v2_s0,2026-08-03 04:39:21,2026-08-03 05:23:21,,defaults CAPO/baseline IQL; margin=0.0,2026-08-03 07:58:14
capo,iql,walker2d,medium,0,done,configs/defaults.yaml,capo,results/iql/walker2d-medium-v2/s0/0803_0523_capo_iql_walker2d-medium-v2_s0,2026-08-03 05:23:21,2026-08-03 06:10:10,,defaults CAPO/baseline IQL; margin=0.0,2026-08-03 07:58:14
capo,iql,walker2d,expert,0,done,configs/defaults.yaml,capo,results/iql/walker2d-expert-v2/s0/0803_0610_capo_iql_walker2d-expert-v2_s0,2026-08-03 06:10:10,2026-08-03 06:57:45,,defaults CAPO/baseline IQL; margin=0.0,2026-08-03 07:58:14
capo,iql,walker2d,replay,0,done,configs/defaults.yaml,capo,results/iql/walker2d-medium-replay-v2/s0/0803_0657_capo_iql_walker2d-medium-replay-v2_s0,2026-08-03 06:57:45,2026-08-03 07:41:48,,defaults CAPO/baseline IQL; margin=0.0,2026-08-03 07:58:14
baseline,iql,hopper,medium,0,running,configs/baseline_iql.yaml,baseline,results/hopper-medium-v2/s0/0803_0741_baseline_iql_hopper-medium-v2_s0,2026-08-03 07:41:48,,~23min cell; iql-matrix~2026-08-03 13:39,baseline; then v8_hold IQL×9; 412k/1000k,2026-08-03 07:58:14
baseline,iql,hopper,expert,0,queued,configs/baseline_iql.yaml,baseline,,,,,defaults baseline IQL remaining,2026-08-03 07:58:14
baseline,iql,hopper,replay,0,queued,configs/baseline_iql.yaml,baseline,,,,,defaults baseline IQL remaining,2026-08-03 07:58:14
baseline,iql,halfcheetah,medium,0,queued,configs/baseline_iql.yaml,baseline,,,,,defaults baseline IQL remaining,2026-08-03 07:58:14
baseline,iql,halfcheetah,expert,0,queued,configs/baseline_iql.yaml,baseline,,,,,defaults baseline IQL remaining,2026-08-03 07:58:14
baseline,iql,halfcheetah,replay,0,queued,configs/baseline_iql.yaml,baseline,,,,,defaults baseline IQL remaining,2026-08-03 07:58:14
baseline,iql,walker2d,medium,0,queued,configs/baseline_iql.yaml,baseline,,,,,defaults baseline IQL remaining,2026-08-03 07:58:14
baseline,iql,walker2d,expert,0,queued,configs/baseline_iql.yaml,baseline,,,,,defaults baseline IQL remaining,2026-08-03 07:58:14
baseline,iql,walker2d,replay,0,queued,configs/baseline_iql.yaml,baseline,,,,,defaults baseline IQL remaining,2026-08-03 07:58:14
v8_hold,iql,hopper,medium,0,queued,configs/v8_hold.yaml,v8_hold,,,,after iql-matrix; start~2026-08-03 13:39; done~2026-08-03 19:37,queued behind run_matrix_iql; configs/v8_hold.yaml; waiter=queue_v8_hold_iql_after_iql.sh,2026-08-03 07:58:14
v8_hold,iql,hopper,expert,0,queued,configs/v8_hold.yaml,v8_hold,,,,after iql-matrix; start~2026-08-03 13:39; done~2026-08-03 19:37,queued behind run_matrix_iql; configs/v8_hold.yaml; waiter=queue_v8_hold_iql_after_iql.sh,2026-08-03 07:58:14
v8_hold,iql,hopper,replay,0,queued,configs/v8_hold.yaml,v8_hold,,,,after iql-matrix; start~2026-08-03 13:39; done~2026-08-03 19:37,queued behind run_matrix_iql; configs/v8_hold.yaml; waiter=queue_v8_hold_iql_after_iql.sh,2026-08-03 07:58:14
v8_hold,iql,halfcheetah,medium,0,queued,configs/v8_hold.yaml,v8_hold,,,,after iql-matrix; start~2026-08-03 13:39; done~2026-08-03 19:37,queued behind run_matrix_iql; configs/v8_hold.yaml; waiter=queue_v8_hold_iql_after_iql.sh,2026-08-03 07:58:14
v8_hold,iql,halfcheetah,expert,0,queued,configs/v8_hold.yaml,v8_hold,,,,after iql-matrix; start~2026-08-03 13:39; done~2026-08-03 19:37,queued behind run_matrix_iql; configs/v8_hold.yaml; waiter=queue_v8_hold_iql_after_iql.sh,2026-08-03 07:58:14
v8_hold,iql,halfcheetah,replay,0,queued,configs/v8_hold.yaml,v8_hold,,,,after iql-matrix; start~2026-08-03 13:39; done~2026-08-03 19:37,queued behind run_matrix_iql; configs/v8_hold.yaml; waiter=queue_v8_hold_iql_after_iql.sh,2026-08-03 07:58:14
v8_hold,iql,walker2d,medium,0,queued,configs/v8_hold.yaml,v8_hold,,,,after iql-matrix; start~2026-08-03 13:39; done~2026-08-03 19:37,queued behind run_matrix_iql; configs/v8_hold.yaml; waiter=queue_v8_hold_iql_after_iql.sh,2026-08-03 07:58:14
v8_hold,iql,walker2d,expert,0,queued,configs/v8_hold.yaml,v8_hold,,,,after iql-matrix; start~2026-08-03 13:39; done~2026-08-03 19:37,queued behind run_matrix_iql; configs/v8_hold.yaml; waiter=queue_v8_hold_iql_after_iql.sh,2026-08-03 07:58:14
v8_hold,iql,walker2d,replay,0,queued,configs/v8_hold.yaml,v8_hold,,,,after iql-matrix; start~2026-08-03 13:39; done~2026-08-03 19:37,queued behind run_matrix_iql; configs/v8_hold.yaml; waiter=queue_v8_hold_iql_after_iql.sh,2026-08-03 07:58:14
